{
    "metadata": {
        "compatible_chip_type": "p2.2.1", 
        "created": "Mon Jan 20 14:34:31 2014", 
        "source": "hand-copy", 
        "version": 1
    }, 
    "parameters": {
        "clonal_call_scale": [
            0.56925000000000003, 
            0.039600000000000003, 
            0.052499999999999998, 
            0.23400000000000001, 
            0.76275000000000004
        ], 
        "d_coeff": [
            115.81495700000001, 
            137.319839, 
            164.40678399999999, 
            136.495712
        ], 
        "emp_amplitude": 10.41, 
        "emp_width": 1.4299999999999999, 
        "emphasis": [
            3.5008870000000001, 
            1.423262, 
            0.85275000000000001, 
            0.68681199999999998, 
            11.354063, 
            0.426375, 
            0.16335, 
            30.405374999999999
        ], 
        "km_const": [
            22.251456999999998, 
            24.723841, 
            21.015264999999999, 
            22.251456999999998
        ], 
        "krate": [
            19.536833000000001, 
            20.839289000000001, 
            26.049112000000001, 
            32.561390000000003
        ], 
        "molecules_to_micromolar_conv": 6.2000000000000003e-05, 
        "sens": 2.9356239999999998, 
        "shrink_factor": 0, 
        "sigma_mult": [
            1.1083019999999999, 
            1.072058, 
            0.95378799999999997, 
            0.81386800000000004
        ], 
        "t_mid_nuc_delay": [
            0.51473999999999998, 
            1.3278799999999999, 
            0.0074599999999999996, 
            0.12681999999999999
        ], 
        "tau_R_m": -4.1200000000000001, 
        "tau_R_o": 12.18
    }
}
