{
    "metadata": {
        "compatible_chip_type": "314", 
        "created": "2014-03-06 10:06:25.821848",
        "source": "gopt",
        "version": "1"
    },
    "parameters": {
        "clonal_call_scale": [
            0.12525700000000001,
            0.21290400000000001,
            0.024604000000000001,
            0.0,
            0.083374000000000004
        ],
        "d_coeff": [
            37.201948000000002,
            113.472846,
            208.63579200000001,
            51.958624
        ],
        "emp_amplitude": 6.9409999999999998,
        "emp_width": 4.1219999999999999,
        "emphasis": [
            4.4414999999999996,
            1.3331249999999999,
            0.46612500000000001,
            0.97706300000000001,
            6.0451870000000003,
            2.5059369999999999,
            1.225125,
            10.603312000000001
        ],
        "km_const": [
            1.406029,
            28.667168,
            1.971573,
            0.32751000000000002
        ],
        "krate": [
            116.35705900000001,
            101.773365,
            18.961860000000001,
            261.33355799999998
        ],
        "sens": 1.374064,
        "sigma_mult": [
            0.88349200000000006,
            1.172938,
            0.45619199999999999,
            0.89207400000000003
        ],
        "t_mid_nuc_delay": [
            0.12726199999999999,
            2.5615990000000002,
            0.0061809999999999999,
            0.112875
        ],
        "tau_R_m": 14.652894,
        "tau_R_o": 7.9967280000000001
    }
}
