{
    "metadata": {
        "compatible_chip_type": "p2.1.1", 
        "created": "2015-11-19 14:51:41.641803",
        "optimizable params": "km_const(1-4), krate(6-9), d_coeff(11-14), sigma_mult(16-19), t_mid_nuc_delay(21-24), sens(25), tau_R_m(26), tau_R_o(27), emphasis(28-35), emp_amplitude(36), emp_width(37), clonal_call_scale(38-42), tau_E(43), min_tauB/max_tauB/mid_tauB(44/45/46)",
        "source": "gopt", 
        "version": 1
    }, 
    "parameters": {
        "clonal_call_scale": [
            0.45540000000000003, 
            0.15840000000000001, 
            0.126, 
            0.2288, 
            0.74580000000000002
        ], 
        "d_coeff": [
            115.81495700000001, 
            137.319839, 
            164.40678399999999, 
            136.495712
        ], 
        "emp_amplitude": 10.41, 
        "emp_width": 1.4299999999999999, 
        "emphasis": [
            6.3652499999999996, 
            2.5877500000000002, 
            3.411, 
            0.91574999999999995, 
            5.0462499999999997, 
            2.0844999999999998, 
            0.099000000000000005, 
            16.516500000000001
        ], 
        "km_const": [
            22.251456999999998, 
            24.723841, 
            21.015264999999999, 
            22.251456999999998
        ], 
        "krate": [
            19.536833000000001, 
            20.839289000000001, 
            26.049112000000001, 
            32.561390000000003
        ], 
        "molecules_to_micromolar_conv": 6.2000000000000003e-05, 
        "sens": 2.9356239999999998, 
        "shrink_factor": 0, 
        "sigma_mult": [
            1.496208, 
            1.768896, 
            1.57375, 
            1.098722
        ], 
        "t_mid_nuc_delay": [
            0.38605499999999998, 
            0.33196999999999999, 
            0.0055950000000000001, 
            0.095115000000000005
        ], 
        "tau_R_m": -4.1200000000000001, 
        "tau_R_o": 18.18
    }
}
