{
    "metadata": {
        "compatible_chip_type": "314", 
        "created": "Wed Jan  8 15:31:55 2014", 
        "source": "gopt", 
        "version": 1
    }, 
    "parameters": {
        "clonal_call_scale": [
            0.62628399999999995, 
            1.064522, 
            0.123019, 
            0.02, 
            0.138956
        ], 
        "d_coeff": [
            29.525355999999999, 
            171.92855499999999, 
            135.47778700000001, 
            57.731805000000001
        ], 
        "emp_amplitude": 6.9409999999999998, 
        "emp_width": 4.1219999999999999, 
        "emphasis": [
            4.4414999999999996, 
            1.3331249999999999, 
            0.46612500000000001, 
            0.97706300000000001, 
            6.0451870000000003, 
            2.5059369999999999, 
            1.225125, 
            10.603312000000001
        ], 
        "km_const": [
            18.779904999999999, 
            22.285119999999999, 
            17.308721999999999, 
            15.526369000000001
        ], 
        "krate": [
            17.197222, 
            25.069727, 
            25.222591000000001, 
            31.601731999999998
        ], 
        "molecules_to_micromolar_conv": 6.2000000000000003e-05, 
        "sens": 1.374064, 
        "sigma_mult": [
            0.98165800000000003, 
            1.303264, 
            0.8448, 
            0.81097600000000003
        ], 
        "t_mid_nuc_delay": [
            0.707009, 
            2.0330149999999998, 
            0.006868, 
            0.20902899999999999
        ], 
        "tau_R_m": -16.079999999999998, 
        "tau_R_o": 28.719999000000001
    }
}
