{
    "metadata": {
        "compatible_chip_type": "318", 
        "created": "2014-05-22 11:43:22.445604",
        "source": "gopt",
        "version": "1"
    },
    "parameters": {
        "clonal_call_scale": [
            0.001,
            0.70968100000000001,
            0.24603700000000001,
            0.02,
            0.11484
        ],
        "d_coeff": [
            26.841200000000001,
            156.29900000000001,
            150.53100000000001,
            52.483499999999999
        ],
        "emp_amplitude": 7.5720000000000001,
        "emp_width": 4.9616509999999998,
        "emphasis": [
            7.2380000000000004,
            1.5800000000000001,
            1.6950000000000001,
            1.4475,
            7.3274999999999997,
            1.11375,
            0.495,
            11.56725
        ],
        "km_const": [
            18.779900000000001,
            22.2851,
            17.308700000000002,
            15.526400000000001
        ],
        "krate": [
            17.197199999999999,
            25.069700000000001,
            25.2226,
            31.601700000000001
        ],
        "molecules_to_micromolar_conv": 6.2000000000000003e-05,
        "sens": 1.374064,
        "sigma_mult": [
            0.98165800000000003,
            1.3032600000000001,
            0.8448,
            0.81097600000000003
        ],
        "t_mid_nuc_delay": [
            0.707009,
            2.03301,
            0.006868,
            0.20902899999999999
        ],
        "tau_R_m": -16.079999999999998,
        "tau_R_o": 28.719999000000001
    }
}