{
    "metadata": {
        "compatible_chip_type": "316v2", 
        "created": "Wed Jan  8 15:31:55 2014", 
        "source": "gopt", 
        "version": 1
    }, 
    "parameters": {
        "clonal_call_scale": [
            0.63261000000000001, 
            0.78853499999999999, 
            0.27337499999999998, 
            0.02, 
            0.11484
        ], 
        "d_coeff": [
            26.841232999999999, 
            156.298686, 
            150.53087400000001, 
            52.483459000000003
        ], 
        "emp_amplitude": 6.3099999999999996, 
        "emp_width": 4.5800000000000001, 
        "emphasis": [
            6.5800000000000001, 
            1.9750000000000001, 
            1.6950000000000001, 
            1.4475, 
            7.3274999999999997, 
            1.2375, 
            0.495, 
            12.852499999999999
        ], 
        "km_const": [
            18.779904999999999, 
            22.285119999999999, 
            17.308721999999999, 
            15.526369000000001
        ], 
        "krate": [
            17.197222, 
            25.069727, 
            25.222591000000001, 
            31.601731999999998
        ], 
        "molecules_to_micromolar_conv": 6.2000000000000003e-05, 
        "sens": 1.374064, 
        "sigma_mult": [
            0.98165800000000003, 
            1.303264, 
            0.8448, 
            0.81097600000000003
        ], 
        "t_mid_nuc_delay": [
            0.707009, 
            2.0330149999999998, 
            0.006868, 
            0.20902899999999999
        ], 
        "tau_R_m": -16.079999999999998, 
        "tau_R_o": 28.719999000000001
    }
}
