{
    "metadata": {
        "compatible_chip_type": "p1.0.19", 
        "created": "Wed Jan  8 15:31:55 2014", 
        "source": "gopt", 
        "version": 1
    }, 
    "parameters": {
        "clonal_call_scale": [
            0.63261000000000001, 
            0.78853499999999999, 
            0.27337499999999998, 
            0.02, 
            0.11484
        ], 
        "d_coeff": [
            24.157109999999999, 
            171.92855499999999, 
            165.58396099999999, 
            57.731805000000001
        ], 
        "emp_amplitude": 6.9409999999999998, 
        "emp_width": 5.0380000000000003, 
        "emphasis": [
            9.7713000000000001, 
            0.97762499999999997, 
            0.38137500000000002, 
            0.32568799999999998, 
            4.4331370000000003, 
            0.74868699999999999, 
            0.29947499999999999, 
            15.615786999999999
        ], 
        "km_const": [
            16.901914999999999, 
            20.056608000000001, 
            15.57785, 
            13.973732
        ], 
        "krate": [
            17.197222, 
            25.069727, 
            25.222591000000001, 
            31.601731999999998
        ], 
        "molecules_to_micromolar_conv": 6.2000000000000003e-05, 
        "sens": 1.374064, 
        "sigma_mult": [
            1.3252379999999999, 
            1.759406, 
            1.39392, 
            1.3381099999999999
        ], 
        "t_mid_nuc_delay": [
            0.63630799999999998, 
            1.8297129999999999, 
            0.0075550000000000001, 
            0.229932
        ], 
        "tau_R_m": -16.079999999999998, 
        "tau_R_o": 28.719999000000001
    }
}
