{
    "metadata": {
        "compatible_chip_type": "316", 
        "created": "Mon Jan 13 13:01:52 2014", 
        "source": "gopt", 
        "version": 1
    }, 
    "parameters": {
        "clonal_call_scale": [
            0.47999999999999998, 
            0.23000000000000001, 
            0.089999999999999997, 
            0.02, 
            0.56399999999999995
        ], 
        "d_coeff": [
            123.292114, 
            167.24916099999999, 
            212.558685, 
            411.61978099999999
        ], 
        "emp_amplitude": 9.9600000000000009, 
        "emp_width": 1.2749999999999999, 
        "emphasis": [
            6.2925000000000004, 
            1.9924999999999999, 
            4.9550000000000001, 
            0.66749999999999998, 
            5.5824999999999996, 
            0.625, 
            0.17249999999999999, 
            12.592499999999999
        ], 
        "km_const": [
            24.051490999999999, 
            30.519204999999999, 
            10.285183, 
            26.443055999999999
        ], 
        "krate": [
            24.651973999999999, 
            24.182891999999999, 
            29.388565, 
            23.813158000000001
        ], 
        "molecules_to_micromolar_conv": 6.2000000000000003e-05, 
        "sens": 1.037747, 
        "sigma_mult": [
            0.83420499999999997, 
            0.86325200000000002, 
            0.704901, 
            0.67527700000000002
        ], 
        "t_mid_nuc_delay": [
            0.37190699999999999, 
            1.0421560000000001, 
            0.0051900000000000002, 
            0.11953
        ], 
        "tau_R_m": -6.46, 
        "tau_R_o": 33.880001
    }
}
