{
    "metadata": {
        "compatible_chip_type": "540",
        "created": "2015-01-12 16:06:35.790277",
        "optimizable params": "km_const(1-4), krate(6-9), d_coeff(11-14), sigma_mult(16-19), t_mid_nuc_delay(21-24), sens(25), tau_R_m(26), tau_R_o(27), emphasis(28-35), emp_amplitude(36), emp_width(37), clonal_call_scale(38-42), tau_E(43), min_tauB/max_tauB/mid_tauB(44/45/46)",
        "source": "gopt",
        "version": 1
    },
    "parameters": {
        "clonal_call_scale": [
            0.45540000000000003,
            0.15840000000000001,
            0.126,
            0.2288,
            0.59663999999999995
        ],
        "d_coeff": [
            115.81495700000001,
            24.259843,
            164.40678399999999,
            136.495712
        ],
        "emp_amplitude": 5.6474070000000003,
        "emp_width": 4.1771960000000004,
        "emphasis": [
            6.3652499999999996,
            1.4548909999999999,
            3.411,
            0.91574999999999995,
            13.12025,
            2.0844999999999998,
            0.089099999999999999,
            13.763744000000001
        ],
        "km_const": [
            18.073746,
            13.462132,
            21.015264999999999,
            22.251456999999998
        ],
        "krate": [
            19.536833000000001,
            27.091076000000001,
            26.049112000000001,
            64.959973000000005
        ],
        "max_tauB": 6.0666640000000003,
        "min_tauB": 4.0,
        "molecules_to_micromolar_conv": 6.2000000000000003e-05,
        "sens": 3.2291859999999999,
        "shrink_factor": 0.0,
        "sigma_mult": [
            1.1311329999999999,
            1.768896,
            1.57375,
            1.098722
        ],
        "t_mid_nuc_delay": [
            0.38605499999999998,
            0.19261,
            0.0055950000000000001,
            0.095115000000000005
        ],
        "tau_R_m": -4.1200000000000001,
        "tau_R_o": 18.18
    }
}
